<?xml version="1.0" encoding="UTF-8"?>
<beans xmlns="http://www.springframework.org/schema/beans"
	xmlns:xsi="http://www.w3.org/2001/XMLSchema-instance" xmlns:context="http://www.springframework.org/schema/context"
	xmlns:mvc="http://www.springframework.org/schema/mvc"
	xsi:schemaLocation="http://www.springframework.org/schema/beans 
	http://www.springframework.org/schema/beans/spring-beans.xsd">

	<!-- 配置数据源 -->
	<bean id="dataSource"
		class="org.springframework.jdbc.datasource.DriverManagerDataSource">
		<property name="driverClassName" value="com.mysql.jdbc.Driver"></property>
		<property name="url" value="jdbc:mysql://115.28.133.104:3306/medical?useUnicode=true&amp;characterEncoding=UTF-8"></property>
		<property name="username" value="root"></property>
		<property name="password" value="Muuu2015"></property>
	</bean>

	<!-- 配置SessionFactory -->
	<bean id="sessionFactory" class="org.springframework.orm.hibernate4.LocalSessionFactoryBean">
		<property name="dataSource" ref="dataSource" />
		<property name="hibernateProperties">
			<props>
				<prop key="hibernate.dialect">org.hibernate.dialect.MySQLDialect</prop>
				<prop key="hibernate.hbm2ddl.auto">update</prop>
				<prop key="hibernate.show_sql">false</prop>
				<prop key="hibernate.format_sql">true</prop>
			</props>
		</property>
		<property name="packagesToScan" value="com.web.*" />
	</bean>

	<!-- 配置一个事务管理器 -->
	<bean id="transactionManager"
		class="org.springframework.orm.hibernate4.HibernateTransactionManager">
		<property name="sessionFactory" ref="sessionFactory" />
	</bean>

	<!-- 配置事务，使用代理的方式 -->
	<bean id="transactionProxy"
		class="org.springframework.transaction.interceptor.TransactionProxyFactoryBean"
		abstract="true">
		<property name="transactionManager" ref="transactionManager"></property>
		<property name="transactionAttributes">
			<props>
				<prop key="add*">PROPAGATION_REQUIRED,-Exception</prop>
				<prop key="modify*">PROPAGATION_REQUIRED,-myException</prop>
				<prop key="del*">PROPAGATION_REQUIRED</prop>
				<prop key="*">PROPAGATION_REQUIRED</prop>
			</props>
		</property>
	</bean>
</beans>